group,function,parameter,mean_ns,median_ns,std_dev_ns
hash,argon_blake (consensus PoW),,23779477.3,23293736.7,4561802.7
hash,blake3 (64 B),,123.0,121.1,5.7
hash,"kheavyhash (Kaspa PoW, reference, per nonce)",,522.0,476.7,97.1
hash,sha256 (64 B),,70.7,66.4,11.3
hash,sha3-256 (64 B),,400.7,400.4,8.6
kem,decapsulate,Dual ML-KEM-1024+HQC-256,1903038.6,1808342.8,459291.6
kem,decapsulate,Dual ML-KEM-768+HQC-128,311617.8,289952.9,56069.0
kem,decapsulate,HQC-128 (draft),369117.5,358970.9,87640.0
kem,decapsulate,HQC-256 (draft),1821601.9,1585653.1,502867.0
kem,decapsulate,ML-KEM-1024,56770.6,58002.5,8417.5
kem,decapsulate,ML-KEM-768,33768.4,31874.4,7827.8
kem,decapsulate,X-Wing,84474.5,83684.9,2511.2
kem,encapsulate,Dual ML-KEM-1024+HQC-256,1381828.0,1436103.6,312247.7
kem,encapsulate,Dual ML-KEM-768+HQC-128,227325.6,190327.9,58725.1
kem,encapsulate,HQC-128 (draft),248672.2,262658.3,38419.0
kem,encapsulate,HQC-256 (draft),829269.8,827629.2,12464.6
kem,encapsulate,ML-KEM-1024,37375.9,32695.3,9709.2
kem,encapsulate,ML-KEM-768,35757.8,39853.4,7037.0
kem,encapsulate,X-Wing,93252.4,91982.8,21951.3
kem,generate,Dual ML-KEM-1024+HQC-256,464779.7,464856.1,7597.7
kem,generate,Dual ML-KEM-768+HQC-128,97250.0,96976.3,1142.1
kem,generate,HQC-128 (draft),71328.3,71251.0,608.4
kem,generate,HQC-256 (draft),426445.7,425408.5,9409.4
kem,generate,ML-KEM-1024,50676.1,37871.5,15879.1
kem,generate,ML-KEM-768,39195.4,39894.2,5446.6
kem,generate,X-Wing,39627.6,35467.7,8663.5
signature,keygen_from_seed,Ed25519,15905.0,15317.2,4019.4
signature,keygen_from_seed,ML-DSA-65,155231.5,143413.5,33523.0
signature,keygen_from_seed,ML-DSA-65+SLH-DSA-SHA2-128s,13165435.4,13154979.6,90445.7
signature,keygen_from_seed,ML-DSA-87,299355.9,327600.0,87181.9
signature,keygen_from_seed,SLH-DSA-SHA2-128s,17236093.2,16345200.0,4163906.6
signature,keygen_from_seed,SLH-DSA-SHAKE-256f,6799092.2,6832999.9,111674.5
signature,sign,Ed25519,13410.0,12011.1,2736.4
signature,sign,ML-DSA-65,252570.0,260537.3,54819.8
signature,sign,ML-DSA-65+SLH-DSA-SHA2-128s,135354775.0,135066625.0,28582427.6
signature,sign,ML-DSA-87,720398.8,620154.2,165747.5
signature,sign,SLH-DSA-SHA2-128s,162108222.5,168813475.0,25947719.8
signature,sign,SLH-DSA-SHAKE-256f,153857952.5,135854600.0,36164910.9
signature,verify,Ed25519,32487.1,31582.6,2300.7
signature,verify,ML-DSA-65,80186.9,80010.8,1001.9
signature,verify,ML-DSA-65+SLH-DSA-SHA2-128s,211712.2,192949.5,41082.3
signature,verify,ML-DSA-87,210313.4,217047.4,36573.3
signature,verify,SLH-DSA-SHA2-128s,146741.3,147659.4,30267.6
signature,verify,SLH-DSA-SHAKE-256f,4691940.5,4372235.2,1025401.9
